theme,sub_theme,topic,geography_type,geography,metric,sex,age,stratum,year,date,metric_value,in_reporting_delay_period
infectious_disease,respiratory,Influenza,Nation,England,influenza_healthcare_hospitalAdmissionRateByWeek,all,all,default,2026,2026-04-20,0.2200,False
infectious_disease,respiratory,Influenza,Nation,England,influenza_healthcare_hospitalAdmissionRateByWeek,all,all,default,2026,2026-04-13,0.2200,False
infectious_disease,respiratory,Influenza,Nation,England,influenza_healthcare_hospitalAdmissionRateByWeek,all,all,default,2026,2026-04-06,0.3000,False
infectious_disease,respiratory,Influenza,Nation,England,influenza_healthcare_hospitalAdmissionRateByWeek,all,all,default,2026,2026-03-30,0.2000,False
infectious_disease,respiratory,Influenza,Nation,England,influenza_healthcare_hospitalAdmissionRateByWeek,all,all,default,2026,2026-03-23,0.3200,False
infectious_disease,respiratory,Influenza,Nation,England,influenza_healthcare_hospitalAdmissionRateByWeek,all,all,default,2026,2026-03-16,0.3700,False
infectious_disease,respiratory,Influenza,Nation,England,influenza_healthcare_hospitalAdmissionRateByWeek,all,all,default,2026,2026-03-09,0.2900,False
infectious_disease,respiratory,Influenza,Nation,England,influenza_healthcare_hospitalAdmissionRateByWeek,all,all,default,2026,2026-03-02,0.5300,False
infectious_disease,respiratory,Influenza,Nation,England,influenza_healthcare_hospitalAdmissionRateByWeek,all,all,default,2026,2026-02-23,0.6500,False
infectious_disease,respiratory,Influenza,Nation,England,influenza_healthcare_hospitalAdmissionRateByWeek,all,all,default,2026,2026-02-16,0.9300,False
infectious_disease,respiratory,Influenza,Nation,England,influenza_healthcare_hospitalAdmissionRateByWeek,all,all,default,2026,2026-02-09,1.2600,False
infectious_disease,respiratory,Influenza,Nation,England,influenza_healthcare_hospitalAdmissionRateByWeek,all,all,default,2026,2026-02-02,1.5500,False
infectious_disease,respiratory,Influenza,Nation,England,influenza_healthcare_hospitalAdmissionRateByWeek,all,all,default,2026,2026-01-26,2.0300,False
infectious_disease,respiratory,Influenza,Nation,England,influenza_healthcare_hospitalAdmissionRateByWeek,all,all,default,2026,2026-01-19,3.1500,False
infectious_disease,respiratory,Influenza,Nation,England,influenza_healthcare_hospitalAdmissionRateByWeek,all,all,default,2026,2026-01-12,4.7400,False
infectious_disease,respiratory,Influenza,Nation,England,influenza_healthcare_hospitalAdmissionRateByWeek,all,all,default,2026,2026-01-05,6.1600,False
infectious_disease,respiratory,Influenza,Nation,England,influenza_healthcare_hospitalAdmissionRateByWeek,all,all,default,2025,2025-12-29,7.2600,False
infectious_disease,respiratory,Influenza,Nation,England,influenza_healthcare_hospitalAdmissionRateByWeek,all,all,default,2025,2025-12-22,7.0400,False
infectious_disease,respiratory,Influenza,Nation,England,influenza_healthcare_hospitalAdmissionRateByWeek,all,all,default,2025,2025-12-15,8.3800,False
infectious_disease,respiratory,Influenza,Nation,England,influenza_healthcare_hospitalAdmissionRateByWeek,all,all,default,2025,2025-12-08,10.3600,False
infectious_disease,respiratory,Influenza,Nation,England,influenza_healthcare_hospitalAdmissionRateByWeek,all,all,default,2025,2025-12-01,10.7900,False
infectious_disease,respiratory,Influenza,Nation,England,influenza_healthcare_hospitalAdmissionRateByWeek,all,all,default,2025,2025-11-24,8.4300,False
infectious_disease,respiratory,Influenza,Nation,England,influenza_healthcare_hospitalAdmissionRateByWeek,all,all,default,2025,2025-11-17,5.0600,False
infectious_disease,respiratory,Influenza,Nation,England,influenza_healthcare_hospitalAdmissionRateByWeek,all,all,default,2025,2025-11-10,3.8000,False
infectious_disease,respiratory,Influenza,Nation,England,influenza_healthcare_hospitalAdmissionRateByWeek,all,all,default,2025,2025-11-03,4.1800,False
infectious_disease,respiratory,Influenza,Nation,England,influenza_healthcare_hospitalAdmissionRateByWeek,all,all,default,2025,2025-10-27,4.4400,False
infectious_disease,respiratory,Influenza,Nation,England,influenza_healthcare_hospitalAdmissionRateByWeek,all,all,default,2025,2025-10-20,2.9700,False
infectious_disease,respiratory,Influenza,Nation,England,influenza_healthcare_hospitalAdmissionRateByWeek,all,all,default,2025,2025-10-13,2.3200,False
infectious_disease,respiratory,Influenza,Nation,England,influenza_healthcare_hospitalAdmissionRateByWeek,all,all,default,2025,2025-10-06,1.9400,False
infectious_disease,respiratory,Influenza,Nation,England,influenza_healthcare_hospitalAdmissionRateByWeek,all,all,default,2025,2025-09-29,0.9400,False
infectious_disease,respiratory,Influenza,Nation,England,influenza_healthcare_hospitalAdmissionRateByWeek,all,all,default,2025,2025-09-22,0.4000,False
infectious_disease,respiratory,Influenza,Nation,England,influenza_healthcare_hospitalAdmissionRateByWeek,all,all,default,2025,2025-09-15,0.3900,False
infectious_disease,respiratory,Influenza,Nation,England,influenza_healthcare_hospitalAdmissionRateByWeek,all,all,default,2025,2025-09-08,0.5000,False
infectious_disease,respiratory,Influenza,Nation,England,influenza_healthcare_hospitalAdmissionRateByWeek,all,all,default,2025,2025-09-01,0.2200,False
infectious_disease,respiratory,Influenza,Nation,England,influenza_healthcare_hospitalAdmissionRateByWeek,all,all,default,2025,2025-08-25,0.0300,False
infectious_disease,respiratory,Influenza,Nation,England,influenza_healthcare_hospitalAdmissionRateByWeek,all,all,default,2025,2025-08-18,0.2400,False
infectious_disease,respiratory,Influenza,Nation,England,influenza_healthcare_hospitalAdmissionRateByWeek,all,all,default,2025,2025-08-11,0.2400,False
infectious_disease,respiratory,Influenza,Nation,England,influenza_healthcare_hospitalAdmissionRateByWeek,all,all,default,2025,2025-08-04,0.1000,False
infectious_disease,respiratory,Influenza,Nation,England,influenza_healthcare_hospitalAdmissionRateByWeek,all,all,default,2025,2025-07-28,0.3600,False
infectious_disease,respiratory,Influenza,Nation,England,influenza_healthcare_hospitalAdmissionRateByWeek,all,all,default,2025,2025-07-21,0.2100,False
infectious_disease,respiratory,Influenza,Nation,England,influenza_healthcare_hospitalAdmissionRateByWeek,all,all,default,2025,2025-07-14,0.0400,False
infectious_disease,respiratory,Influenza,Nation,England,influenza_healthcare_hospitalAdmissionRateByWeek,all,all,default,2025,2025-07-07,0.2000,False
infectious_disease,respiratory,Influenza,Nation,England,influenza_healthcare_hospitalAdmissionRateByWeek,all,all,default,2025,2025-06-30,0.0800,False
infectious_disease,respiratory,Influenza,Nation,England,influenza_healthcare_hospitalAdmissionRateByWeek,all,all,default,2025,2025-06-23,0.3300,False
infectious_disease,respiratory,Influenza,Nation,England,influenza_healthcare_hospitalAdmissionRateByWeek,all,all,default,2025,2025-06-16,0.2900,False
infectious_disease,respiratory,Influenza,Nation,England,influenza_healthcare_hospitalAdmissionRateByWeek,all,all,default,2025,2025-06-09,0.1600,False
infectious_disease,respiratory,Influenza,Nation,England,influenza_healthcare_hospitalAdmissionRateByWeek,all,all,default,2025,2025-06-02,0.1500,False
infectious_disease,respiratory,Influenza,Nation,England,influenza_healthcare_hospitalAdmissionRateByWeek,all,all,default,2025,2025-05-26,0.3300,False
infectious_disease,respiratory,Influenza,Nation,England,influenza_healthcare_hospitalAdmissionRateByWeek,all,all,default,2025,2025-05-19,0.1300,False
infectious_disease,respiratory,Influenza,Nation,England,influenza_healthcare_hospitalAdmissionRateByWeek,all,all,default,2025,2025-05-12,0.3700,False
infectious_disease,respiratory,Influenza,Nation,England,influenza_healthcare_hospitalAdmissionRateByWeek,all,all,default,2025,2025-05-05,0.4400,False
infectious_disease,respiratory,Influenza,Nation,England,influenza_healthcare_hospitalAdmissionRateByWeek,all,all,default,2025,2025-04-28,0.7100,False
infectious_disease,respiratory,Influenza,Nation,England,influenza_healthcare_hospitalAdmissionRateByWeek,all,all,default,2025,2025-04-21,1.0600,False
infectious_disease,respiratory,Influenza,Nation,England,influenza_healthcare_hospitalAdmissionRateByWeek,all,all,default,2025,2025-04-14,1.2300,False
infectious_disease,respiratory,Influenza,Nation,England,influenza_healthcare_hospitalAdmissionRateByWeek,all,all,default,2025,2025-04-07,1.6500,False
infectious_disease,respiratory,Influenza,Nation,England,influenza_healthcare_hospitalAdmissionRateByWeek,all,all,default,2025,2025-03-31,1.4700,False
infectious_disease,respiratory,Influenza,Nation,England,influenza_healthcare_hospitalAdmissionRateByWeek,all,all,default,2025,2025-03-24,2.6300,False
infectious_disease,respiratory,Influenza,Nation,England,influenza_healthcare_hospitalAdmissionRateByWeek,all,all,default,2025,2025-03-17,3.1100,False
infectious_disease,respiratory,Influenza,Nation,England,influenza_healthcare_hospitalAdmissionRateByWeek,all,all,default,2025,2025-03-10,2.9000,False
infectious_disease,respiratory,Influenza,Nation,England,influenza_healthcare_hospitalAdmissionRateByWeek,all,all,default,2025,2025-03-03,3.3500,False
infectious_disease,respiratory,Influenza,Nation,England,influenza_healthcare_hospitalAdmissionRateByWeek,all,all,default,2025,2025-02-24,3.8900,False
infectious_disease,respiratory,Influenza,Nation,England,influenza_healthcare_hospitalAdmissionRateByWeek,all,all,default,2025,2025-02-17,4.9800,False
infectious_disease,respiratory,Influenza,Nation,England,influenza_healthcare_hospitalAdmissionRateByWeek,all,all,default,2025,2025-02-10,4.8600,False
infectious_disease,respiratory,Influenza,Nation,England,influenza_healthcare_hospitalAdmissionRateByWeek,all,all,default,2025,2025-02-03,5.5300,False
infectious_disease,respiratory,Influenza,Nation,England,influenza_healthcare_hospitalAdmissionRateByWeek,all,all,default,2025,2025-01-27,6.8800,False
infectious_disease,respiratory,Influenza,Nation,England,influenza_healthcare_hospitalAdmissionRateByWeek,all,all,default,2025,2025-01-20,7.4700,False
infectious_disease,respiratory,Influenza,Nation,England,influenza_healthcare_hospitalAdmissionRateByWeek,all,all,default,2025,2025-01-13,9.5800,False
infectious_disease,respiratory,Influenza,Nation,England,influenza_healthcare_hospitalAdmissionRateByWeek,all,all,default,2025,2025-01-06,10.9100,False
infectious_disease,respiratory,Influenza,Nation,England,influenza_healthcare_hospitalAdmissionRateByWeek,all,all,default,2024,2024-12-30,14.8900,False
infectious_disease,respiratory,Influenza,Nation,England,influenza_healthcare_hospitalAdmissionRateByWeek,all,all,default,2024,2024-12-23,16.1800,False
infectious_disease,respiratory,Influenza,Nation,England,influenza_healthcare_hospitalAdmissionRateByWeek,all,all,default,2024,2024-12-16,12.0100,False
infectious_disease,respiratory,Influenza,Nation,England,influenza_healthcare_hospitalAdmissionRateByWeek,all,all,default,2024,2024-12-09,9.5300,False
infectious_disease,respiratory,Influenza,Nation,England,influenza_healthcare_hospitalAdmissionRateByWeek,all,all,default,2024,2024-12-02,6.5500,False
infectious_disease,respiratory,Influenza,Nation,England,influenza_healthcare_hospitalAdmissionRateByWeek,all,all,default,2024,2024-11-25,4.4300,False
infectious_disease,respiratory,Influenza,Nation,England,influenza_healthcare_hospitalAdmissionRateByWeek,all,all,default,2024,2024-11-18,1.9500,False
infectious_disease,respiratory,Influenza,Nation,England,influenza_healthcare_hospitalAdmissionRateByWeek,all,all,default,2024,2024-11-11,1.3000,False
infectious_disease,respiratory,Influenza,Nation,England,influenza_healthcare_hospitalAdmissionRateByWeek,all,all,default,2024,2024-11-04,1.2500,False
infectious_disease,respiratory,Influenza,Nation,England,influenza_healthcare_hospitalAdmissionRateByWeek,all,all,default,2024,2024-10-28,1.1300,False
infectious_disease,respiratory,Influenza,Nation,England,influenza_healthcare_hospitalAdmissionRateByWeek,all,all,default,2024,2024-10-21,1.1200,False
infectious_disease,respiratory,Influenza,Nation,England,influenza_healthcare_hospitalAdmissionRateByWeek,all,all,default,2024,2024-10-14,0.8600,False
infectious_disease,respiratory,Influenza,Nation,England,influenza_healthcare_hospitalAdmissionRateByWeek,all,all,default,2024,2024-10-07,0.6000,False
infectious_disease,respiratory,Influenza,Nation,England,influenza_healthcare_hospitalAdmissionRateByWeek,all,all,default,2024,2024-09-30,0.6100,False
infectious_disease,respiratory,Influenza,Nation,England,influenza_healthcare_hospitalAdmissionRateByWeek,all,all,default,2024,2024-09-23,0.4400,False
infectious_disease,respiratory,Influenza,Nation,England,influenza_healthcare_hospitalAdmissionRateByWeek,all,all,default,2024,2024-09-16,0.3300,False
infectious_disease,respiratory,Influenza,Nation,England,influenza_healthcare_hospitalAdmissionRateByWeek,all,all,default,2024,2024-09-09,0.2000,False
infectious_disease,respiratory,Influenza,Nation,England,influenza_healthcare_hospitalAdmissionRateByWeek,all,all,default,2024,2024-09-02,0.1600,False
infectious_disease,respiratory,Influenza,Nation,England,influenza_healthcare_hospitalAdmissionRateByWeek,all,all,default,2024,2024-08-26,0.1200,False
infectious_disease,respiratory,Influenza,Nation,England,influenza_healthcare_hospitalAdmissionRateByWeek,all,all,default,2024,2024-08-19,0.1700,False
infectious_disease,respiratory,Influenza,Nation,England,influenza_healthcare_hospitalAdmissionRateByWeek,all,all,default,2024,2024-08-12,0.6100,False
infectious_disease,respiratory,Influenza,Nation,England,influenza_healthcare_hospitalAdmissionRateByWeek,all,all,default,2024,2024-08-05,0.3800,False
infectious_disease,respiratory,Influenza,Nation,England,influenza_healthcare_hospitalAdmissionRateByWeek,all,all,default,2024,2024-07-29,0.3800,False
infectious_disease,respiratory,Influenza,Nation,England,influenza_healthcare_hospitalAdmissionRateByWeek,all,all,default,2024,2024-07-22,0.8100,False
infectious_disease,respiratory,Influenza,Nation,England,influenza_healthcare_hospitalAdmissionRateByWeek,all,all,default,2024,2024-07-15,0.6200,False
infectious_disease,respiratory,Influenza,Nation,England,influenza_healthcare_hospitalAdmissionRateByWeek,all,all,default,2024,2024-07-08,0.4800,False
infectious_disease,respiratory,Influenza,Nation,England,influenza_healthcare_hospitalAdmissionRateByWeek,all,all,default,2024,2024-07-01,0.1600,False
infectious_disease,respiratory,Influenza,Nation,England,influenza_healthcare_hospitalAdmissionRateByWeek,all,all,default,2024,2024-06-24,0.5200,False
infectious_disease,respiratory,Influenza,Nation,England,influenza_healthcare_hospitalAdmissionRateByWeek,all,all,default,2024,2024-06-17,0.5300,False
infectious_disease,respiratory,Influenza,Nation,England,influenza_healthcare_hospitalAdmissionRateByWeek,all,all,default,2024,2024-06-10,0.6800,False
infectious_disease,respiratory,Influenza,Nation,England,influenza_healthcare_hospitalAdmissionRateByWeek,all,all,default,2024,2024-06-03,0.3500,False
infectious_disease,respiratory,Influenza,Nation,England,influenza_healthcare_hospitalAdmissionRateByWeek,all,all,default,2024,2024-05-27,0.2800,False
infectious_disease,respiratory,Influenza,Nation,England,influenza_healthcare_hospitalAdmissionRateByWeek,all,all,default,2024,2024-05-20,0.3600,False
infectious_disease,respiratory,Influenza,Nation,England,influenza_healthcare_hospitalAdmissionRateByWeek,all,all,default,2024,2024-05-13,0.3900,False
infectious_disease,respiratory,Influenza,Nation,England,influenza_healthcare_hospitalAdmissionRateByWeek,all,all,default,2024,2024-05-06,0.4300,False
infectious_disease,respiratory,Influenza,Nation,England,influenza_healthcare_hospitalAdmissionRateByWeek,all,all,default,2024,2024-04-29,0.6200,False
infectious_disease,respiratory,Influenza,Nation,England,influenza_healthcare_hospitalAdmissionRateByWeek,all,all,default,2024,2024-04-22,0.6500,False
infectious_disease,respiratory,Influenza,Nation,England,influenza_healthcare_hospitalAdmissionRateByWeek,all,all,default,2024,2024-04-15,0.5200,False
infectious_disease,respiratory,Influenza,Nation,England,influenza_healthcare_hospitalAdmissionRateByWeek,all,all,default,2024,2024-04-08,0.6800,False
infectious_disease,respiratory,Influenza,Nation,England,influenza_healthcare_hospitalAdmissionRateByWeek,all,all,default,2024,2024-04-01,1.3200,False
infectious_disease,respiratory,Influenza,Nation,England,influenza_healthcare_hospitalAdmissionRateByWeek,all,all,default,2024,2024-03-25,1.5300,False
infectious_disease,respiratory,Influenza,Nation,England,influenza_healthcare_hospitalAdmissionRateByWeek,all,all,default,2024,2024-03-18,1.8300,False
infectious_disease,respiratory,Influenza,Nation,England,influenza_healthcare_hospitalAdmissionRateByWeek,all,all,default,2024,2024-03-11,2.5600,False
infectious_disease,respiratory,Influenza,Nation,England,influenza_healthcare_hospitalAdmissionRateByWeek,all,all,default,2024,2024-03-04,2.8200,False
infectious_disease,respiratory,Influenza,Nation,England,influenza_healthcare_hospitalAdmissionRateByWeek,all,all,default,2024,2024-02-26,3.2200,False
infectious_disease,respiratory,Influenza,Nation,England,influenza_healthcare_hospitalAdmissionRateByWeek,all,all,default,2024,2024-02-19,3.2000,False
infectious_disease,respiratory,Influenza,Nation,England,influenza_healthcare_hospitalAdmissionRateByWeek,all,all,default,2024,2024-02-12,4.4100,False
infectious_disease,respiratory,Influenza,Nation,England,influenza_healthcare_hospitalAdmissionRateByWeek,all,all,default,2024,2024-02-05,5.6800,False
infectious_disease,respiratory,Influenza,Nation,England,influenza_healthcare_hospitalAdmissionRateByWeek,all,all,default,2024,2024-01-29,7.2800,False
infectious_disease,respiratory,Influenza,Nation,England,influenza_healthcare_hospitalAdmissionRateByWeek,all,all,default,2024,2024-01-22,7.5500,False
infectious_disease,respiratory,Influenza,Nation,England,influenza_healthcare_hospitalAdmissionRateByWeek,all,all,default,2024,2024-01-15,5.2500,False
infectious_disease,respiratory,Influenza,Nation,England,influenza_healthcare_hospitalAdmissionRateByWeek,all,all,default,2024,2024-01-08,4.4000,False
infectious_disease,respiratory,Influenza,Nation,England,influenza_healthcare_hospitalAdmissionRateByWeek,all,all,default,2024,2024-01-01,4.8600,False
infectious_disease,respiratory,Influenza,Nation,England,influenza_healthcare_hospitalAdmissionRateByWeek,all,all,default,2023,2023-12-25,6.6500,False
infectious_disease,respiratory,Influenza,Nation,England,influenza_healthcare_hospitalAdmissionRateByWeek,all,all,default,2023,2023-12-18,5.3800,False
infectious_disease,respiratory,Influenza,Nation,England,influenza_healthcare_hospitalAdmissionRateByWeek,all,all,default,2023,2023-12-11,3.7100,False
infectious_disease,respiratory,Influenza,Nation,England,influenza_healthcare_hospitalAdmissionRateByWeek,all,all,default,2023,2023-12-04,2.2100,False
infectious_disease,respiratory,Influenza,Nation,England,influenza_healthcare_hospitalAdmissionRateByWeek,all,all,default,2023,2023-11-27,0.9800,False
infectious_disease,respiratory,Influenza,Nation,England,influenza_healthcare_hospitalAdmissionRateByWeek,all,all,default,2023,2023-11-20,0.6600,False
infectious_disease,respiratory,Influenza,Nation,England,influenza_healthcare_hospitalAdmissionRateByWeek,all,all,default,2023,2023-11-13,0.4100,False
infectious_disease,respiratory,Influenza,Nation,England,influenza_healthcare_hospitalAdmissionRateByWeek,all,all,default,2023,2023-11-06,0.4400,False
infectious_disease,respiratory,Influenza,Nation,England,influenza_healthcare_hospitalAdmissionRateByWeek,all,all,default,2023,2023-10-30,0.4400,False
infectious_disease,respiratory,Influenza,Nation,England,influenza_healthcare_hospitalAdmissionRateByWeek,all,all,default,2023,2023-10-23,0.2100,False
infectious_disease,respiratory,Influenza,Nation,England,influenza_healthcare_hospitalAdmissionRateByWeek,all,all,default,2023,2023-10-16,0.1400,False
infectious_disease,respiratory,Influenza,Nation,England,influenza_healthcare_hospitalAdmissionRateByWeek,all,all,default,2023,2023-10-09,0.1900,False
infectious_disease,respiratory,Influenza,Nation,England,influenza_healthcare_hospitalAdmissionRateByWeek,all,all,default,2023,2023-10-02,0.1300,False
infectious_disease,respiratory,Influenza,Nation,England,influenza_healthcare_hospitalAdmissionRateByWeek,all,all,default,2023,2023-09-25,0.1100,False
infectious_disease,respiratory,Influenza,Nation,England,influenza_healthcare_hospitalAdmissionRateByWeek,all,all,default,2023,2023-09-18,0.1600,False
infectious_disease,respiratory,Influenza,Nation,England,influenza_healthcare_hospitalAdmissionRateByWeek,all,all,default,2023,2023-09-11,0.1100,False
infectious_disease,respiratory,Influenza,Nation,England,influenza_healthcare_hospitalAdmissionRateByWeek,all,all,default,2023,2023-09-04,0.1800,False
infectious_disease,respiratory,Influenza,Nation,England,influenza_healthcare_hospitalAdmissionRateByWeek,all,all,default,2023,2023-08-28,0.0500,False
infectious_disease,respiratory,Influenza,Nation,England,influenza_healthcare_hospitalAdmissionRateByWeek,all,all,default,2023,2023-08-21,0.1200,False
infectious_disease,respiratory,Influenza,Nation,England,influenza_healthcare_hospitalAdmissionRateByWeek,all,all,default,2023,2023-08-14,0.1200,False
infectious_disease,respiratory,Influenza,Nation,England,influenza_healthcare_hospitalAdmissionRateByWeek,all,all,default,2023,2023-08-07,0.0600,False
infectious_disease,respiratory,Influenza,Nation,England,influenza_healthcare_hospitalAdmissionRateByWeek,all,all,default,2023,2023-07-31,0.0900,False
infectious_disease,respiratory,Influenza,Nation,England,influenza_healthcare_hospitalAdmissionRateByWeek,all,all,default,2023,2023-07-24,0.0100,False
infectious_disease,respiratory,Influenza,Nation,England,influenza_healthcare_hospitalAdmissionRateByWeek,all,all,default,2023,2023-07-17,0.0500,False
infectious_disease,respiratory,Influenza,Nation,England,influenza_healthcare_hospitalAdmissionRateByWeek,all,all,default,2023,2023-07-10,0.0700,False
infectious_disease,respiratory,Influenza,Nation,England,influenza_healthcare_hospitalAdmissionRateByWeek,all,all,default,2023,2023-07-03,0.1400,False
infectious_disease,respiratory,Influenza,Nation,England,influenza_healthcare_hospitalAdmissionRateByWeek,all,all,default,2023,2023-06-26,0.1000,False
infectious_disease,respiratory,Influenza,Nation,England,influenza_healthcare_hospitalAdmissionRateByWeek,all,all,default,2023,2023-06-19,0.0800,False
infectious_disease,respiratory,Influenza,Nation,England,influenza_healthcare_hospitalAdmissionRateByWeek,all,all,default,2023,2023-06-12,0.1100,False
infectious_disease,respiratory,Influenza,Nation,England,influenza_healthcare_hospitalAdmissionRateByWeek,all,all,default,2023,2023-06-05,0.2900,False
infectious_disease,respiratory,Influenza,Nation,England,influenza_healthcare_hospitalAdmissionRateByWeek,all,all,default,2023,2023-05-29,0.1200,False
infectious_disease,respiratory,Influenza,Nation,England,influenza_healthcare_hospitalAdmissionRateByWeek,all,all,default,2023,2023-05-22,0.0800,False
infectious_disease,respiratory,Influenza,Nation,England,influenza_healthcare_hospitalAdmissionRateByWeek,all,all,default,2023,2023-05-15,0.1100,False
infectious_disease,respiratory,Influenza,Nation,England,influenza_healthcare_hospitalAdmissionRateByWeek,all,all,default,2023,2023-05-08,0.0700,False
infectious_disease,respiratory,Influenza,Nation,England,influenza_healthcare_hospitalAdmissionRateByWeek,all,all,default,2023,2023-05-01,0.2200,False
infectious_disease,respiratory,Influenza,Nation,England,influenza_healthcare_hospitalAdmissionRateByWeek,all,all,default,2023,2023-04-24,0.2700,False
infectious_disease,respiratory,Influenza,Nation,England,influenza_healthcare_hospitalAdmissionRateByWeek,all,all,default,2023,2023-04-17,0.3600,False
infectious_disease,respiratory,Influenza,Nation,England,influenza_healthcare_hospitalAdmissionRateByWeek,all,all,default,2023,2023-04-10,0.3300,False
infectious_disease,respiratory,Influenza,Nation,England,influenza_healthcare_hospitalAdmissionRateByWeek,all,all,default,2023,2023-04-03,0.4700,False
infectious_disease,respiratory,Influenza,Nation,England,influenza_healthcare_hospitalAdmissionRateByWeek,all,all,default,2023,2023-03-27,0.4900,False
infectious_disease,respiratory,Influenza,Nation,England,influenza_healthcare_hospitalAdmissionRateByWeek,all,all,default,2023,2023-03-20,0.6600,False
infectious_disease,respiratory,Influenza,Nation,England,influenza_healthcare_hospitalAdmissionRateByWeek,all,all,default,2023,2023-03-13,0.9800,False
infectious_disease,respiratory,Influenza,Nation,England,influenza_healthcare_hospitalAdmissionRateByWeek,all,all,default,2023,2023-03-06,0.9200,False
infectious_disease,respiratory,Influenza,Nation,England,influenza_healthcare_hospitalAdmissionRateByWeek,all,all,default,2023,2023-02-27,1.0200,False
infectious_disease,respiratory,Influenza,Nation,England,influenza_healthcare_hospitalAdmissionRateByWeek,all,all,default,2023,2023-02-20,1.2800,False
infectious_disease,respiratory,Influenza,Nation,England,influenza_healthcare_hospitalAdmissionRateByWeek,all,all,default,2023,2023-02-13,1.5900,False
infectious_disease,respiratory,Influenza,Nation,England,influenza_healthcare_hospitalAdmissionRateByWeek,all,all,default,2023,2023-02-06,0.9900,False
infectious_disease,respiratory,Influenza,Nation,England,influenza_healthcare_hospitalAdmissionRateByWeek,all,all,default,2023,2023-01-30,1.4000,False
infectious_disease,respiratory,Influenza,Nation,England,influenza_healthcare_hospitalAdmissionRateByWeek,all,all,default,2023,2023-01-23,1.6500,False
infectious_disease,respiratory,Influenza,Nation,England,influenza_healthcare_hospitalAdmissionRateByWeek,all,all,default,2023,2023-01-16,1.7100,False
infectious_disease,respiratory,Influenza,Nation,England,influenza_healthcare_hospitalAdmissionRateByWeek,all,all,default,2023,2023-01-09,3.6600,False
infectious_disease,respiratory,Influenza,Nation,England,influenza_healthcare_hospitalAdmissionRateByWeek,all,all,default,2023,2023-01-02,8.0200,False
infectious_disease,respiratory,Influenza,Nation,England,influenza_healthcare_hospitalAdmissionRateByWeek,all,all,default,2022,2022-12-26,12.6900,False
infectious_disease,respiratory,Influenza,Nation,England,influenza_healthcare_hospitalAdmissionRateByWeek,all,all,default,2022,2022-12-19,18.0900,False
infectious_disease,respiratory,Influenza,Nation,England,influenza_healthcare_hospitalAdmissionRateByWeek,all,all,default,2022,2022-12-12,12.6600,False
infectious_disease,respiratory,Influenza,Nation,England,influenza_healthcare_hospitalAdmissionRateByWeek,all,all,default,2022,2022-12-05,8.3900,False
infectious_disease,respiratory,Influenza,Nation,England,influenza_healthcare_hospitalAdmissionRateByWeek,all,all,default,2022,2022-11-28,4.8500,False
infectious_disease,respiratory,Influenza,Nation,England,influenza_healthcare_hospitalAdmissionRateByWeek,all,all,default,2022,2022-11-21,3.2100,False
infectious_disease,respiratory,Influenza,Nation,England,influenza_healthcare_hospitalAdmissionRateByWeek,all,all,default,2022,2022-11-14,2.6300,False
infectious_disease,respiratory,Influenza,Nation,England,influenza_healthcare_hospitalAdmissionRateByWeek,all,all,default,2022,2022-11-07,1.6700,False
infectious_disease,respiratory,Influenza,Nation,England,influenza_healthcare_hospitalAdmissionRateByWeek,all,all,default,2022,2022-10-31,1.3700,False
infectious_disease,respiratory,Influenza,Nation,England,influenza_healthcare_hospitalAdmissionRateByWeek,all,all,default,2022,2022-10-24,1.1800,False
infectious_disease,respiratory,Influenza,Nation,England,influenza_healthcare_hospitalAdmissionRateByWeek,all,all,default,2022,2022-10-17,1.0600,False
infectious_disease,respiratory,Influenza,Nation,England,influenza_healthcare_hospitalAdmissionRateByWeek,all,all,default,2022,2022-10-10,0.9700,False
infectious_disease,respiratory,Influenza,Nation,England,influenza_healthcare_hospitalAdmissionRateByWeek,all,all,default,2022,2022-10-03,0.6600,False
infectious_disease,respiratory,Influenza,Nation,England,influenza_healthcare_hospitalAdmissionRateByWeek,all,all,default,2022,2022-09-26,0.4300,False
infectious_disease,respiratory,Influenza,Nation,England,influenza_healthcare_hospitalAdmissionRateByWeek,all,all,default,2022,2022-09-19,0.3000,False
infectious_disease,respiratory,Influenza,Nation,England,influenza_healthcare_hospitalAdmissionRateByWeek,all,all,default,2022,2022-09-12,0.2100,False
infectious_disease,respiratory,Influenza,Nation,England,influenza_healthcare_hospitalAdmissionRateByWeek,all,all,default,2022,2022-09-05,0.2700,False
infectious_disease,respiratory,Influenza,Nation,England,influenza_healthcare_hospitalAdmissionRateByWeek,all,all,default,2022,2022-08-29,0.1800,False
infectious_disease,respiratory,Influenza,Nation,England,influenza_healthcare_hospitalAdmissionRateByWeek,all,all,default,2022,2022-08-22,0.0800,False
infectious_disease,respiratory,Influenza,Nation,England,influenza_healthcare_hospitalAdmissionRateByWeek,all,all,default,2022,2022-08-15,0.1200,False
infectious_disease,respiratory,Influenza,Nation,England,influenza_healthcare_hospitalAdmissionRateByWeek,all,all,default,2022,2022-08-08,0.2200,False
infectious_disease,respiratory,Influenza,Nation,England,influenza_healthcare_hospitalAdmissionRateByWeek,all,all,default,2022,2022-08-01,0.1100,False
infectious_disease,respiratory,Influenza,Nation,England,influenza_healthcare_hospitalAdmissionRateByWeek,all,all,default,2022,2022-07-25,0.1200,False
infectious_disease,respiratory,Influenza,Nation,England,influenza_healthcare_hospitalAdmissionRateByWeek,all,all,default,2022,2022-07-18,0.1800,False
infectious_disease,respiratory,Influenza,Nation,England,influenza_healthcare_hospitalAdmissionRateByWeek,all,all,default,2022,2022-07-11,0.2400,False
infectious_disease,respiratory,Influenza,Nation,England,influenza_healthcare_hospitalAdmissionRateByWeek,all,all,default,2022,2022-07-04,0.0700,False
infectious_disease,respiratory,Influenza,Nation,England,influenza_healthcare_hospitalAdmissionRateByWeek,all,all,default,2022,2022-06-27,0.1700,False
infectious_disease,respiratory,Influenza,Nation,England,influenza_healthcare_hospitalAdmissionRateByWeek,all,all,default,2022,2022-06-20,0.1700,False
infectious_disease,respiratory,Influenza,Nation,England,influenza_healthcare_hospitalAdmissionRateByWeek,all,all,default,2022,2022-06-13,0.1800,False
infectious_disease,respiratory,Influenza,Nation,England,influenza_healthcare_hospitalAdmissionRateByWeek,all,all,default,2022,2022-06-06,0.1500,False
infectious_disease,respiratory,Influenza,Nation,England,influenza_healthcare_hospitalAdmissionRateByWeek,all,all,default,2022,2022-05-30,0.2200,False
infectious_disease,respiratory,Influenza,Nation,England,influenza_healthcare_hospitalAdmissionRateByWeek,all,all,default,2022,2022-05-23,0.2200,False
infectious_disease,respiratory,Influenza,Nation,England,influenza_healthcare_hospitalAdmissionRateByWeek,all,all,default,2022,2022-05-16,0.3000,False
infectious_disease,respiratory,Influenza,Nation,England,influenza_healthcare_hospitalAdmissionRateByWeek,all,all,default,2022,2022-05-09,0.4100,False
infectious_disease,respiratory,Influenza,Nation,England,influenza_healthcare_hospitalAdmissionRateByWeek,all,all,default,2022,2022-05-02,0.5100,False
infectious_disease,respiratory,Influenza,Nation,England,influenza_healthcare_hospitalAdmissionRateByWeek,all,all,default,2022,2022-04-25,0.3600,False
infectious_disease,respiratory,Influenza,Nation,England,influenza_healthcare_hospitalAdmissionRateByWeek,all,all,default,2022,2022-04-18,0.7000,False
infectious_disease,respiratory,Influenza,Nation,England,influenza_healthcare_hospitalAdmissionRateByWeek,all,all,default,2022,2022-04-11,0.6600,False
infectious_disease,respiratory,Influenza,Nation,England,influenza_healthcare_hospitalAdmissionRateByWeek,all,all,default,2022,2022-04-04,1.1500,False
infectious_disease,respiratory,Influenza,Nation,England,influenza_healthcare_hospitalAdmissionRateByWeek,all,all,default,2022,2022-03-28,0.9200,False
infectious_disease,respiratory,Influenza,Nation,England,influenza_healthcare_hospitalAdmissionRateByWeek,all,all,default,2022,2022-03-21,1.0400,False
infectious_disease,respiratory,Influenza,Nation,England,influenza_healthcare_hospitalAdmissionRateByWeek,all,all,default,2022,2022-03-14,0.6700,False
infectious_disease,respiratory,Influenza,Nation,England,influenza_healthcare_hospitalAdmissionRateByWeek,all,all,default,2022,2022-03-07,0.7000,False
infectious_disease,respiratory,Influenza,Nation,England,influenza_healthcare_hospitalAdmissionRateByWeek,all,all,default,2022,2022-02-28,0.3100,False
infectious_disease,respiratory,Influenza,Nation,England,influenza_healthcare_hospitalAdmissionRateByWeek,all,all,default,2022,2022-02-21,0.3200,False
infectious_disease,respiratory,Influenza,Nation,England,influenza_healthcare_hospitalAdmissionRateByWeek,all,all,default,2022,2022-02-14,0.3100,False
infectious_disease,respiratory,Influenza,Nation,England,influenza_healthcare_hospitalAdmissionRateByWeek,all,all,default,2022,2022-02-07,0.1100,False
infectious_disease,respiratory,Influenza,Nation,England,influenza_healthcare_hospitalAdmissionRateByWeek,all,all,default,2022,2022-01-31,0.1300,False
infectious_disease,respiratory,Influenza,Nation,England,influenza_healthcare_hospitalAdmissionRateByWeek,all,all,default,2022,2022-01-24,0.1400,False
infectious_disease,respiratory,Influenza,Nation,England,influenza_healthcare_hospitalAdmissionRateByWeek,all,all,default,2022,2022-01-17,0.0800,False
infectious_disease,respiratory,Influenza,Nation,England,influenza_healthcare_hospitalAdmissionRateByWeek,all,all,default,2022,2022-01-10,0.0600,False
infectious_disease,respiratory,Influenza,Nation,England,influenza_healthcare_hospitalAdmissionRateByWeek,all,all,default,2022,2022-01-03,0.0700,False
infectious_disease,respiratory,Influenza,Nation,England,influenza_healthcare_hospitalAdmissionRateByWeek,all,all,default,2021,2021-12-27,0.1200,False
infectious_disease,respiratory,Influenza,Nation,England,influenza_healthcare_hospitalAdmissionRateByWeek,all,all,default,2021,2021-12-20,0.3600,False
infectious_disease,respiratory,Influenza,Nation,England,influenza_healthcare_hospitalAdmissionRateByWeek,all,all,default,2021,2021-12-13,0.2500,False
infectious_disease,respiratory,Influenza,Nation,England,influenza_healthcare_hospitalAdmissionRateByWeek,all,all,default,2021,2021-12-06,0.2200,False
infectious_disease,respiratory,Influenza,Nation,England,influenza_healthcare_hospitalAdmissionRateByWeek,all,all,default,2021,2021-11-29,0.2600,False
infectious_disease,respiratory,Influenza,Nation,England,influenza_healthcare_hospitalAdmissionRateByWeek,all,all,default,2021,2021-11-22,0.1000,False
infectious_disease,respiratory,Influenza,Nation,England,influenza_healthcare_hospitalAdmissionRateByWeek,all,all,default,2021,2021-11-15,0.1000,False
infectious_disease,respiratory,Influenza,Nation,England,influenza_healthcare_hospitalAdmissionRateByWeek,all,all,default,2021,2021-11-08,0.1700,False
infectious_disease,respiratory,Influenza,Nation,England,influenza_healthcare_hospitalAdmissionRateByWeek,all,all,default,2021,2021-11-01,0.0700,False
infectious_disease,respiratory,Influenza,Nation,England,influenza_healthcare_hospitalAdmissionRateByWeek,all,all,default,2021,2021-10-25,0.1100,False
infectious_disease,respiratory,Influenza,Nation,England,influenza_healthcare_hospitalAdmissionRateByWeek,all,all,default,2021,2021-10-18,0.2100,False
infectious_disease,respiratory,Influenza,Nation,England,influenza_healthcare_hospitalAdmissionRateByWeek,all,all,default,2021,2021-10-11,0.1800,False
infectious_disease,respiratory,Influenza,Nation,England,influenza_healthcare_hospitalAdmissionRateByWeek,all,all,default,2021,2021-10-04,0.2200,False
infectious_disease,respiratory,Influenza,Nation,England,influenza_healthcare_hospitalAdmissionRateByWeek,all,all,default,2021,2021-09-27,0.0900,False
infectious_disease,respiratory,Influenza,Nation,England,influenza_healthcare_hospitalAdmissionRateByWeek,all,all,default,2021,2021-09-20,0.0600,False
infectious_disease,respiratory,Influenza,Nation,England,influenza_healthcare_hospitalAdmissionRateByWeek,all,all,default,2021,2021-09-13,0.0200,False
infectious_disease,respiratory,Influenza,Nation,England,influenza_healthcare_hospitalAdmissionRateByWeek,all,all,default,2021,2021-09-06,0.0000,False
infectious_disease,respiratory,Influenza,Nation,England,influenza_healthcare_hospitalAdmissionRateByWeek,all,all,default,2021,2021-08-30,0.0200,False
infectious_disease,respiratory,Influenza,Nation,England,influenza_healthcare_hospitalAdmissionRateByWeek,all,all,default,2021,2021-08-23,0.0100,False
infectious_disease,respiratory,Influenza,Nation,England,influenza_healthcare_hospitalAdmissionRateByWeek,all,all,default,2021,2021-08-16,0.0000,False
infectious_disease,respiratory,Influenza,Nation,England,influenza_healthcare_hospitalAdmissionRateByWeek,all,all,default,2021,2021-08-09,0.0000,False
infectious_disease,respiratory,Influenza,Nation,England,influenza_healthcare_hospitalAdmissionRateByWeek,all,all,default,2021,2021-08-02,0.0100,False
infectious_disease,respiratory,Influenza,Nation,England,influenza_healthcare_hospitalAdmissionRateByWeek,all,all,default,2021,2021-07-26,0.0000,False
infectious_disease,respiratory,Influenza,Nation,England,influenza_healthcare_hospitalAdmissionRateByWeek,all,all,default,2021,2021-07-19,0.0100,False
infectious_disease,respiratory,Influenza,Nation,England,influenza_healthcare_hospitalAdmissionRateByWeek,all,all,default,2021,2021-07-12,0.0000,False
infectious_disease,respiratory,Influenza,Nation,England,influenza_healthcare_hospitalAdmissionRateByWeek,all,all,default,2021,2021-07-05,0.0000,False
infectious_disease,respiratory,Influenza,Nation,England,influenza_healthcare_hospitalAdmissionRateByWeek,all,all,default,2021,2021-06-28,0.0000,False
infectious_disease,respiratory,Influenza,Nation,England,influenza_healthcare_hospitalAdmissionRateByWeek,all,all,default,2021,2021-06-21,0.0000,False
infectious_disease,respiratory,Influenza,Nation,England,influenza_healthcare_hospitalAdmissionRateByWeek,all,all,default,2021,2021-06-14,0.0000,False
infectious_disease,respiratory,Influenza,Nation,England,influenza_healthcare_hospitalAdmissionRateByWeek,all,all,default,2021,2021-06-07,0.0000,False
infectious_disease,respiratory,Influenza,Nation,England,influenza_healthcare_hospitalAdmissionRateByWeek,all,all,default,2021,2021-05-31,0.0000,False
infectious_disease,respiratory,Influenza,Nation,England,influenza_healthcare_hospitalAdmissionRateByWeek,all,all,default,2021,2021-05-24,0.0000,False
infectious_disease,respiratory,Influenza,Nation,England,influenza_healthcare_hospitalAdmissionRateByWeek,all,all,default,2021,2021-05-17,0.0000,False
infectious_disease,respiratory,Influenza,Nation,England,influenza_healthcare_hospitalAdmissionRateByWeek,all,all,default,2021,2021-05-10,0.0000,False
infectious_disease,respiratory,Influenza,Nation,England,influenza_healthcare_hospitalAdmissionRateByWeek,all,all,default,2021,2021-05-03,0.0000,False
infectious_disease,respiratory,Influenza,Nation,England,influenza_healthcare_hospitalAdmissionRateByWeek,all,all,default,2021,2021-04-26,0.0000,False
infectious_disease,respiratory,Influenza,Nation,England,influenza_healthcare_hospitalAdmissionRateByWeek,all,all,default,2021,2021-04-19,0.0000,False
infectious_disease,respiratory,Influenza,Nation,England,influenza_healthcare_hospitalAdmissionRateByWeek,all,all,default,2021,2021-04-12,0.0000,False
infectious_disease,respiratory,Influenza,Nation,England,influenza_healthcare_hospitalAdmissionRateByWeek,all,all,default,2021,2021-04-05,0.0000,False
infectious_disease,respiratory,Influenza,Nation,England,influenza_healthcare_hospitalAdmissionRateByWeek,all,all,default,2021,2021-03-29,0.0000,False
infectious_disease,respiratory,Influenza,Nation,England,influenza_healthcare_hospitalAdmissionRateByWeek,all,all,default,2021,2021-03-22,0.0000,False
infectious_disease,respiratory,Influenza,Nation,England,influenza_healthcare_hospitalAdmissionRateByWeek,all,all,default,2021,2021-03-15,0.0000,False
infectious_disease,respiratory,Influenza,Nation,England,influenza_healthcare_hospitalAdmissionRateByWeek,all,all,default,2021,2021-03-08,0.0100,False
infectious_disease,respiratory,Influenza,Nation,England,influenza_healthcare_hospitalAdmissionRateByWeek,all,all,default,2021,2021-03-01,0.0100,False
infectious_disease,respiratory,Influenza,Nation,England,influenza_healthcare_hospitalAdmissionRateByWeek,all,all,default,2021,2021-02-22,0.0100,False
infectious_disease,respiratory,Influenza,Nation,England,influenza_healthcare_hospitalAdmissionRateByWeek,all,all,default,2021,2021-02-15,0.0000,False
infectious_disease,respiratory,Influenza,Nation,England,influenza_healthcare_hospitalAdmissionRateByWeek,all,all,default,2021,2021-02-08,0.0300,False
infectious_disease,respiratory,Influenza,Nation,England,influenza_healthcare_hospitalAdmissionRateByWeek,all,all,default,2021,2021-02-01,0.0000,False
infectious_disease,respiratory,Influenza,Nation,England,influenza_healthcare_hospitalAdmissionRateByWeek,all,all,default,2021,2021-01-25,0.0000,False
infectious_disease,respiratory,Influenza,Nation,England,influenza_healthcare_hospitalAdmissionRateByWeek,all,all,default,2021,2021-01-18,0.0100,False
infectious_disease,respiratory,Influenza,Nation,England,influenza_healthcare_hospitalAdmissionRateByWeek,all,all,default,2021,2021-01-11,0.0000,False
infectious_disease,respiratory,Influenza,Nation,England,influenza_healthcare_hospitalAdmissionRateByWeek,all,all,default,2021,2021-01-04,0.0100,False
infectious_disease,respiratory,Influenza,Nation,England,influenza_healthcare_hospitalAdmissionRateByWeek,all,all,default,2020,2020-12-28,0.0000,False
infectious_disease,respiratory,Influenza,Nation,England,influenza_healthcare_hospitalAdmissionRateByWeek,all,all,default,2020,2020-12-21,0.0300,False
infectious_disease,respiratory,Influenza,Nation,England,influenza_healthcare_hospitalAdmissionRateByWeek,all,all,default,2020,2020-12-14,0.0100,False
infectious_disease,respiratory,Influenza,Nation,England,influenza_healthcare_hospitalAdmissionRateByWeek,all,all,default,2020,2020-12-07,0.0100,False
infectious_disease,respiratory,Influenza,Nation,England,influenza_healthcare_hospitalAdmissionRateByWeek,all,all,default,2020,2020-11-30,0.0100,False
infectious_disease,respiratory,Influenza,Nation,England,influenza_healthcare_hospitalAdmissionRateByWeek,all,all,default,2020,2020-11-23,0.0300,False
infectious_disease,respiratory,Influenza,Nation,England,influenza_healthcare_hospitalAdmissionRateByWeek,all,all,default,2020,2020-11-16,0.0500,False
infectious_disease,respiratory,Influenza,Nation,England,influenza_healthcare_hospitalAdmissionRateByWeek,all,all,default,2020,2020-11-09,0.0000,False
infectious_disease,respiratory,Influenza,Nation,England,influenza_healthcare_hospitalAdmissionRateByWeek,all,all,default,2020,2020-11-02,0.0100,False
infectious_disease,respiratory,Influenza,Nation,England,influenza_healthcare_hospitalAdmissionRateByWeek,all,all,default,2020,2020-10-26,0.0000,False
infectious_disease,respiratory,Influenza,Nation,England,influenza_healthcare_hospitalAdmissionRateByWeek,all,all,default,2020,2020-10-19,0.0300,False
infectious_disease,respiratory,Influenza,Nation,England,influenza_healthcare_hospitalAdmissionRateByWeek,all,all,default,2020,2020-10-12,0.0500,False
infectious_disease,respiratory,Influenza,Nation,England,influenza_healthcare_hospitalAdmissionRateByWeek,all,all,default,2020,2020-10-05,0.0200,False
infectious_disease,respiratory,Influenza,Nation,England,influenza_healthcare_hospitalAdmissionRateByWeek,all,all,default,2020,2020-09-28,0.0100,False
infectious_disease,respiratory,Influenza,Nation,England,influenza_healthcare_hospitalAdmissionRateByWeek,all,all,default,2020,2020-09-21,0.0000,False
infectious_disease,respiratory,Influenza,Nation,England,influenza_healthcare_hospitalAdmissionRateByWeek,all,all,default,2020,2020-09-14,0.0000,False
infectious_disease,respiratory,Influenza,Nation,England,influenza_healthcare_hospitalAdmissionRateByWeek,all,all,default,2020,2020-09-07,0.0000,False
infectious_disease,respiratory,Influenza,Nation,England,influenza_healthcare_hospitalAdmissionRateByWeek,all,all,default,2020,2020-08-31,0.0000,False
infectious_disease,respiratory,Influenza,Nation,England,influenza_healthcare_hospitalAdmissionRateByWeek,all,all,default,2020,2020-08-24,0.0000,False
infectious_disease,respiratory,Influenza,Nation,England,influenza_healthcare_hospitalAdmissionRateByWeek,all,all,default,2020,2020-08-17,0.0000,False
infectious_disease,respiratory,Influenza,Nation,England,influenza_healthcare_hospitalAdmissionRateByWeek,all,all,default,2020,2020-08-10,0.0000,False
infectious_disease,respiratory,Influenza,Nation,England,influenza_healthcare_hospitalAdmissionRateByWeek,all,all,default,2020,2020-08-03,0.0000,False
infectious_disease,respiratory,Influenza,Nation,England,influenza_healthcare_hospitalAdmissionRateByWeek,all,all,default,2020,2020-07-27,0.0000,False
infectious_disease,respiratory,Influenza,Nation,England,influenza_healthcare_hospitalAdmissionRateByWeek,all,all,default,2020,2020-07-20,0.0000,False
infectious_disease,respiratory,Influenza,Nation,England,influenza_healthcare_hospitalAdmissionRateByWeek,all,all,default,2020,2020-07-13,0.0000,False
infectious_disease,respiratory,Influenza,Nation,England,influenza_healthcare_hospitalAdmissionRateByWeek,all,all,default,2020,2020-07-06,0.0000,False
infectious_disease,respiratory,Influenza,Nation,England,influenza_healthcare_hospitalAdmissionRateByWeek,all,all,default,2020,2020-06-29,0.0000,False
infectious_disease,respiratory,Influenza,Nation,England,influenza_healthcare_hospitalAdmissionRateByWeek,all,all,default,2020,2020-06-22,0.0000,False
infectious_disease,respiratory,Influenza,Nation,England,influenza_healthcare_hospitalAdmissionRateByWeek,all,all,default,2020,2020-06-15,0.0000,False
infectious_disease,respiratory,Influenza,Nation,England,influenza_healthcare_hospitalAdmissionRateByWeek,all,all,default,2020,2020-06-08,0.0000,False
infectious_disease,respiratory,Influenza,Nation,England,influenza_healthcare_hospitalAdmissionRateByWeek,all,all,default,2020,2020-06-01,0.0000,False
infectious_disease,respiratory,Influenza,Nation,England,influenza_healthcare_hospitalAdmissionRateByWeek,all,all,default,2020,2020-05-25,0.0000,False
infectious_disease,respiratory,Influenza,Nation,England,influenza_healthcare_hospitalAdmissionRateByWeek,all,all,default,2020,2020-05-18,0.0000,False
infectious_disease,respiratory,Influenza,Nation,England,influenza_healthcare_hospitalAdmissionRateByWeek,all,all,default,2020,2020-05-11,0.0000,False
infectious_disease,respiratory,Influenza,Nation,England,influenza_healthcare_hospitalAdmissionRateByWeek,all,all,default,2020,2020-05-04,0.0300,False
infectious_disease,respiratory,Influenza,Nation,England,influenza_healthcare_hospitalAdmissionRateByWeek,all,all,default,2020,2020-04-27,0.0000,False
infectious_disease,respiratory,Influenza,Nation,England,influenza_healthcare_hospitalAdmissionRateByWeek,all,all,default,2020,2020-04-20,0.0000,False
infectious_disease,respiratory,Influenza,Nation,England,influenza_healthcare_hospitalAdmissionRateByWeek,all,all,default,2020,2020-04-13,0.0000,False
infectious_disease,respiratory,Influenza,Nation,England,influenza_healthcare_hospitalAdmissionRateByWeek,all,all,default,2020,2020-04-06,0.0800,False
infectious_disease,respiratory,Influenza,Nation,England,influenza_healthcare_hospitalAdmissionRateByWeek,all,all,default,2020,2020-03-30,0.0200,False
infectious_disease,respiratory,Influenza,Nation,England,influenza_healthcare_hospitalAdmissionRateByWeek,all,all,default,2020,2020-03-23,0.1300,False
infectious_disease,respiratory,Influenza,Nation,England,influenza_healthcare_hospitalAdmissionRateByWeek,all,all,default,2020,2020-03-16,0.1500,False
infectious_disease,respiratory,Influenza,Nation,England,influenza_healthcare_hospitalAdmissionRateByWeek,all,all,default,2020,2020-03-09,0.5700,False
infectious_disease,respiratory,Influenza,Nation,England,influenza_healthcare_hospitalAdmissionRateByWeek,all,all,default,2020,2020-03-02,0.8600,False
infectious_disease,respiratory,Influenza,Nation,England,influenza_healthcare_hospitalAdmissionRateByWeek,all,all,default,2020,2020-02-24,1.0100,False
infectious_disease,respiratory,Influenza,Nation,England,influenza_healthcare_hospitalAdmissionRateByWeek,all,all,default,2020,2020-02-17,0.7800,False
infectious_disease,respiratory,Influenza,Nation,England,influenza_healthcare_hospitalAdmissionRateByWeek,all,all,default,2020,2020-02-10,0.8400,False
infectious_disease,respiratory,Influenza,Nation,England,influenza_healthcare_hospitalAdmissionRateByWeek,all,all,default,2020,2020-02-03,0.8100,False
infectious_disease,respiratory,Influenza,Nation,England,influenza_healthcare_hospitalAdmissionRateByWeek,all,all,default,2020,2020-01-27,1.1800,False
infectious_disease,respiratory,Influenza,Nation,England,influenza_healthcare_hospitalAdmissionRateByWeek,all,all,default,2020,2020-01-20,0.8900,False
infectious_disease,respiratory,Influenza,Nation,England,influenza_healthcare_hospitalAdmissionRateByWeek,all,all,default,2020,2020-01-13,1.2500,False
infectious_disease,respiratory,Influenza,Nation,England,influenza_healthcare_hospitalAdmissionRateByWeek,all,all,default,2020,2020-01-06,2.2900,False
infectious_disease,respiratory,Influenza,Nation,England,influenza_healthcare_hospitalAdmissionRateByWeek,all,all,default,2019,2019-12-30,4.1400,False
infectious_disease,respiratory,Influenza,Nation,England,influenza_healthcare_hospitalAdmissionRateByWeek,all,all,default,2019,2019-12-23,5.7000,False
infectious_disease,respiratory,Influenza,Nation,England,influenza_healthcare_hospitalAdmissionRateByWeek,all,all,default,2019,2019-12-16,6.4200,False
infectious_disease,respiratory,Influenza,Nation,England,influenza_healthcare_hospitalAdmissionRateByWeek,all,all,default,2019,2019-12-09,5.8500,False
infectious_disease,respiratory,Influenza,Nation,England,influenza_healthcare_hospitalAdmissionRateByWeek,all,all,default,2019,2019-12-02,4.7600,False
infectious_disease,respiratory,Influenza,Nation,England,influenza_healthcare_hospitalAdmissionRateByWeek,all,all,default,2019,2019-11-25,3.5600,False
infectious_disease,respiratory,Influenza,Nation,England,influenza_healthcare_hospitalAdmissionRateByWeek,all,all,default,2019,2019-11-18,2.4800,False
infectious_disease,respiratory,Influenza,Nation,England,influenza_healthcare_hospitalAdmissionRateByWeek,all,all,default,2019,2019-11-11,1.1900,False
infectious_disease,respiratory,Influenza,Nation,England,influenza_healthcare_hospitalAdmissionRateByWeek,all,all,default,2019,2019-11-04,0.7800,False
infectious_disease,respiratory,Influenza,Nation,England,influenza_healthcare_hospitalAdmissionRateByWeek,all,all,default,2019,2019-10-28,0.4400,False
infectious_disease,respiratory,Influenza,Nation,England,influenza_healthcare_hospitalAdmissionRateByWeek,all,all,default,2019,2019-10-21,0.5500,False
infectious_disease,respiratory,Influenza,Nation,England,influenza_healthcare_hospitalAdmissionRateByWeek,all,all,default,2019,2019-10-14,0.1900,False
infectious_disease,respiratory,Influenza,Nation,England,influenza_healthcare_hospitalAdmissionRateByWeek,all,all,default,2019,2019-10-07,0.2600,False
infectious_disease,respiratory,Influenza,Nation,England,influenza_healthcare_hospitalAdmissionRateByWeek,all,all,default,2019,2019-09-30,0.0300,False
infectious_disease,respiratory,Influenza,Nation,England,influenza_healthcare_hospitalAdmissionRateByWeek,all,all,default,2019,2019-09-23,0.0000,False
infectious_disease,respiratory,Influenza,Nation,England,influenza_healthcare_hospitalAdmissionRateByWeek,all,all,default,2019,2019-09-16,0.0000,False
infectious_disease,respiratory,Influenza,Nation,England,influenza_healthcare_hospitalAdmissionRateByWeek,all,all,default,2019,2019-09-09,0.0000,False
infectious_disease,respiratory,Influenza,Nation,England,influenza_healthcare_hospitalAdmissionRateByWeek,all,all,default,2019,2019-09-02,0.0000,False
infectious_disease,respiratory,Influenza,Nation,England,influenza_healthcare_hospitalAdmissionRateByWeek,all,all,default,2019,2019-08-26,0.0000,False
infectious_disease,respiratory,Influenza,Nation,England,influenza_healthcare_hospitalAdmissionRateByWeek,all,all,default,2019,2019-08-19,0.0000,False
infectious_disease,respiratory,Influenza,Nation,England,influenza_healthcare_hospitalAdmissionRateByWeek,all,all,default,2019,2019-08-12,0.0000,False
infectious_disease,respiratory,Influenza,Nation,England,influenza_healthcare_hospitalAdmissionRateByWeek,all,all,default,2019,2019-08-05,0.0000,False
infectious_disease,respiratory,Influenza,Nation,England,influenza_healthcare_hospitalAdmissionRateByWeek,all,all,default,2019,2019-07-29,0.0000,False
infectious_disease,respiratory,Influenza,Nation,England,influenza_healthcare_hospitalAdmissionRateByWeek,all,all,default,2019,2019-07-22,0.0000,False
infectious_disease,respiratory,Influenza,Nation,England,influenza_healthcare_hospitalAdmissionRateByWeek,all,all,default,2019,2019-07-15,0.0000,False
infectious_disease,respiratory,Influenza,Nation,England,influenza_healthcare_hospitalAdmissionRateByWeek,all,all,default,2019,2019-07-08,0.0000,False
infectious_disease,respiratory,Influenza,Nation,England,influenza_healthcare_hospitalAdmissionRateByWeek,all,all,default,2019,2019-07-01,0.0000,False
infectious_disease,respiratory,Influenza,Nation,England,influenza_healthcare_hospitalAdmissionRateByWeek,all,all,default,2019,2019-06-24,0.0000,False
infectious_disease,respiratory,Influenza,Nation,England,influenza_healthcare_hospitalAdmissionRateByWeek,all,all,default,2019,2019-06-17,0.0000,False
infectious_disease,respiratory,Influenza,Nation,England,influenza_healthcare_hospitalAdmissionRateByWeek,all,all,default,2019,2019-06-10,0.0000,False
infectious_disease,respiratory,Influenza,Nation,England,influenza_healthcare_hospitalAdmissionRateByWeek,all,all,default,2019,2019-06-03,0.0000,False
infectious_disease,respiratory,Influenza,Nation,England,influenza_healthcare_hospitalAdmissionRateByWeek,all,all,default,2019,2019-05-27,0.0000,False
infectious_disease,respiratory,Influenza,Nation,England,influenza_healthcare_hospitalAdmissionRateByWeek,all,all,default,2019,2019-05-20,0.0000,False
infectious_disease,respiratory,Influenza,Nation,England,influenza_healthcare_hospitalAdmissionRateByWeek,all,all,default,2019,2019-05-13,0.2300,False
infectious_disease,respiratory,Influenza,Nation,England,influenza_healthcare_hospitalAdmissionRateByWeek,all,all,default,2019,2019-05-06,0.1700,False
infectious_disease,respiratory,Influenza,Nation,England,influenza_healthcare_hospitalAdmissionRateByWeek,all,all,default,2019,2019-04-29,0.2400,False
infectious_disease,respiratory,Influenza,Nation,England,influenza_healthcare_hospitalAdmissionRateByWeek,all,all,default,2019,2019-04-22,0.6900,False
infectious_disease,respiratory,Influenza,Nation,England,influenza_healthcare_hospitalAdmissionRateByWeek,all,all,default,2019,2019-04-15,0.5600,False
infectious_disease,respiratory,Influenza,Nation,England,influenza_healthcare_hospitalAdmissionRateByWeek,all,all,default,2019,2019-04-08,0.6200,False
infectious_disease,respiratory,Influenza,Nation,England,influenza_healthcare_hospitalAdmissionRateByWeek,all,all,default,2019,2019-04-01,0.7600,False
infectious_disease,respiratory,Influenza,Nation,England,influenza_healthcare_hospitalAdmissionRateByWeek,all,all,default,2019,2019-03-25,0.9400,False
infectious_disease,respiratory,Influenza,Nation,England,influenza_healthcare_hospitalAdmissionRateByWeek,all,all,default,2019,2019-03-18,1.0100,False
infectious_disease,respiratory,Influenza,Nation,England,influenza_healthcare_hospitalAdmissionRateByWeek,all,all,default,2019,2019-03-11,1.3300,False
infectious_disease,respiratory,Influenza,Nation,England,influenza_healthcare_hospitalAdmissionRateByWeek,all,all,default,2019,2019-03-04,1.3600,False
infectious_disease,respiratory,Influenza,Nation,England,influenza_healthcare_hospitalAdmissionRateByWeek,all,all,default,2019,2019-02-25,1.8700,False
infectious_disease,respiratory,Influenza,Nation,England,influenza_healthcare_hospitalAdmissionRateByWeek,all,all,default,2019,2019-02-18,3.6800,False
infectious_disease,respiratory,Influenza,Nation,England,influenza_healthcare_hospitalAdmissionRateByWeek,all,all,default,2019,2019-02-11,5.2500,False
infectious_disease,respiratory,Influenza,Nation,England,influenza_healthcare_hospitalAdmissionRateByWeek,all,all,default,2019,2019-02-04,6.0700,False
infectious_disease,respiratory,Influenza,Nation,England,influenza_healthcare_hospitalAdmissionRateByWeek,all,all,default,2019,2019-01-28,5.3900,False
infectious_disease,respiratory,Influenza,Nation,England,influenza_healthcare_hospitalAdmissionRateByWeek,all,all,default,2019,2019-01-21,5.3300,False
infectious_disease,respiratory,Influenza,Nation,England,influenza_healthcare_hospitalAdmissionRateByWeek,all,all,default,2019,2019-01-14,4.5100,False
infectious_disease,respiratory,Influenza,Nation,England,influenza_healthcare_hospitalAdmissionRateByWeek,all,all,default,2019,2019-01-07,4.2600,False
infectious_disease,respiratory,Influenza,Nation,England,influenza_healthcare_hospitalAdmissionRateByWeek,all,all,default,2018,2018-12-31,3.1700,False
infectious_disease,respiratory,Influenza,Nation,England,influenza_healthcare_hospitalAdmissionRateByWeek,all,all,default,2018,2018-12-24,2.1300,False
infectious_disease,respiratory,Influenza,Nation,England,influenza_healthcare_hospitalAdmissionRateByWeek,all,all,default,2018,2018-12-17,0.9500,False
infectious_disease,respiratory,Influenza,Nation,England,influenza_healthcare_hospitalAdmissionRateByWeek,all,all,default,2018,2018-12-10,0.7200,False
infectious_disease,respiratory,Influenza,Nation,England,influenza_healthcare_hospitalAdmissionRateByWeek,all,all,default,2018,2018-12-03,0.4800,False
infectious_disease,respiratory,Influenza,Nation,England,influenza_healthcare_hospitalAdmissionRateByWeek,all,all,default,2018,2018-11-26,0.3500,False
infectious_disease,respiratory,Influenza,Nation,England,influenza_healthcare_hospitalAdmissionRateByWeek,all,all,default,2018,2018-11-19,0.2400,False
infectious_disease,respiratory,Influenza,Nation,England,influenza_healthcare_hospitalAdmissionRateByWeek,all,all,default,2018,2018-11-12,0.1800,False
infectious_disease,respiratory,Influenza,Nation,England,influenza_healthcare_hospitalAdmissionRateByWeek,all,all,default,2018,2018-11-05,0.1700,False
infectious_disease,respiratory,Influenza,Nation,England,influenza_healthcare_hospitalAdmissionRateByWeek,all,all,default,2018,2018-10-29,0.0700,False
infectious_disease,respiratory,Influenza,Nation,England,influenza_healthcare_hospitalAdmissionRateByWeek,all,all,default,2018,2018-10-22,0.0700,False
infectious_disease,respiratory,Influenza,Nation,England,influenza_healthcare_hospitalAdmissionRateByWeek,all,all,default,2018,2018-10-15,0.0200,False
infectious_disease,respiratory,Influenza,Nation,England,influenza_healthcare_hospitalAdmissionRateByWeek,all,all,default,2018,2018-10-08,0.0700,False
infectious_disease,respiratory,Influenza,Nation,England,influenza_healthcare_hospitalAdmissionRateByWeek,all,all,default,2018,2018-10-01,0.0400,False
infectious_disease,respiratory,Influenza,Nation,England,influenza_healthcare_hospitalAdmissionRateByWeek,all,all,default,2018,2018-09-24,0.0000,False
infectious_disease,respiratory,Influenza,Nation,England,influenza_healthcare_hospitalAdmissionRateByWeek,all,all,default,2018,2018-09-17,0.0000,False
infectious_disease,respiratory,Influenza,Nation,England,influenza_healthcare_hospitalAdmissionRateByWeek,all,all,default,2018,2018-09-10,0.0000,False
infectious_disease,respiratory,Influenza,Nation,England,influenza_healthcare_hospitalAdmissionRateByWeek,all,all,default,2018,2018-09-03,0.0000,False
infectious_disease,respiratory,Influenza,Nation,England,influenza_healthcare_hospitalAdmissionRateByWeek,all,all,default,2018,2018-08-27,0.0000,False
infectious_disease,respiratory,Influenza,Nation,England,influenza_healthcare_hospitalAdmissionRateByWeek,all,all,default,2018,2018-08-20,0.0000,False
infectious_disease,respiratory,Influenza,Nation,England,influenza_healthcare_hospitalAdmissionRateByWeek,all,all,default,2018,2018-08-13,0.0000,False
infectious_disease,respiratory,Influenza,Nation,England,influenza_healthcare_hospitalAdmissionRateByWeek,all,all,default,2018,2018-08-06,0.0000,False
infectious_disease,respiratory,Influenza,Nation,England,influenza_healthcare_hospitalAdmissionRateByWeek,all,all,default,2018,2018-07-30,0.0000,False
infectious_disease,respiratory,Influenza,Nation,England,influenza_healthcare_hospitalAdmissionRateByWeek,all,all,default,2018,2018-07-23,0.0000,False
infectious_disease,respiratory,Influenza,Nation,England,influenza_healthcare_hospitalAdmissionRateByWeek,all,all,default,2018,2018-07-16,0.0000,False
infectious_disease,respiratory,Influenza,Nation,England,influenza_healthcare_hospitalAdmissionRateByWeek,all,all,default,2018,2018-07-09,0.0000,False
infectious_disease,respiratory,Influenza,Nation,England,influenza_healthcare_hospitalAdmissionRateByWeek,all,all,default,2018,2018-07-02,0.0000,False
infectious_disease,respiratory,Influenza,Nation,England,influenza_healthcare_hospitalAdmissionRateByWeek,all,all,default,2018,2018-06-25,0.0000,False
infectious_disease,respiratory,Influenza,Nation,England,influenza_healthcare_hospitalAdmissionRateByWeek,all,all,default,2018,2018-06-18,0.0000,False
infectious_disease,respiratory,Influenza,Nation,England,influenza_healthcare_hospitalAdmissionRateByWeek,all,all,default,2018,2018-06-11,0.0000,False
infectious_disease,respiratory,Influenza,Nation,England,influenza_healthcare_hospitalAdmissionRateByWeek,all,all,default,2018,2018-06-04,0.0000,False
infectious_disease,respiratory,Influenza,Nation,England,influenza_healthcare_hospitalAdmissionRateByWeek,all,all,default,2018,2018-05-28,0.0000,False
infectious_disease,respiratory,Influenza,Nation,England,influenza_healthcare_hospitalAdmissionRateByWeek,all,all,default,2018,2018-05-21,0.0000,False
infectious_disease,respiratory,Influenza,Nation,England,influenza_healthcare_hospitalAdmissionRateByWeek,all,all,default,2018,2018-05-14,0.0900,False
infectious_disease,respiratory,Influenza,Nation,England,influenza_healthcare_hospitalAdmissionRateByWeek,all,all,default,2018,2018-05-07,0.0900,False
infectious_disease,respiratory,Influenza,Nation,England,influenza_healthcare_hospitalAdmissionRateByWeek,all,all,default,2018,2018-04-30,0.1400,False
infectious_disease,respiratory,Influenza,Nation,England,influenza_healthcare_hospitalAdmissionRateByWeek,all,all,default,2018,2018-04-23,0.3000,False
infectious_disease,respiratory,Influenza,Nation,England,influenza_healthcare_hospitalAdmissionRateByWeek,all,all,default,2018,2018-04-16,0.6100,False
infectious_disease,respiratory,Influenza,Nation,England,influenza_healthcare_hospitalAdmissionRateByWeek,all,all,default,2018,2018-04-09,1.0500,False
infectious_disease,respiratory,Influenza,Nation,England,influenza_healthcare_hospitalAdmissionRateByWeek,all,all,default,2018,2018-04-02,2.1200,False
infectious_disease,respiratory,Influenza,Nation,England,influenza_healthcare_hospitalAdmissionRateByWeek,all,all,default,2018,2018-03-26,2.5500,False
infectious_disease,respiratory,Influenza,Nation,England,influenza_healthcare_hospitalAdmissionRateByWeek,all,all,default,2018,2018-03-19,2.9400,False
infectious_disease,respiratory,Influenza,Nation,England,influenza_healthcare_hospitalAdmissionRateByWeek,all,all,default,2018,2018-03-12,3.2800,False
infectious_disease,respiratory,Influenza,Nation,England,influenza_healthcare_hospitalAdmissionRateByWeek,all,all,default,2018,2018-03-05,3.7700,False
infectious_disease,respiratory,Influenza,Nation,England,influenza_healthcare_hospitalAdmissionRateByWeek,all,all,default,2018,2018-02-26,4.2000,False
infectious_disease,respiratory,Influenza,Nation,England,influenza_healthcare_hospitalAdmissionRateByWeek,all,all,default,2018,2018-02-19,6.2200,False
infectious_disease,respiratory,Influenza,Nation,England,influenza_healthcare_hospitalAdmissionRateByWeek,all,all,default,2018,2018-02-12,6.2500,False
infectious_disease,respiratory,Influenza,Nation,England,influenza_healthcare_hospitalAdmissionRateByWeek,all,all,default,2018,2018-02-05,5.4900,False
infectious_disease,respiratory,Influenza,Nation,England,influenza_healthcare_hospitalAdmissionRateByWeek,all,all,default,2018,2018-01-29,5.6400,False
infectious_disease,respiratory,Influenza,Nation,England,influenza_healthcare_hospitalAdmissionRateByWeek,all,all,default,2018,2018-01-22,6.7600,False
infectious_disease,respiratory,Influenza,Nation,England,influenza_healthcare_hospitalAdmissionRateByWeek,all,all,default,2018,2018-01-15,7.0200,False
infectious_disease,respiratory,Influenza,Nation,England,influenza_healthcare_hospitalAdmissionRateByWeek,all,all,default,2018,2018-01-08,7.9000,False
infectious_disease,respiratory,Influenza,Nation,England,influenza_healthcare_hospitalAdmissionRateByWeek,all,all,default,2018,2018-01-01,6.3300,False
infectious_disease,respiratory,Influenza,Nation,England,influenza_healthcare_hospitalAdmissionRateByWeek,all,all,default,2017,2017-12-25,5.0600,False
infectious_disease,respiratory,Influenza,Nation,England,influenza_healthcare_hospitalAdmissionRateByWeek,all,all,default,2017,2017-12-18,2.8500,False
infectious_disease,respiratory,Influenza,Nation,England,influenza_healthcare_hospitalAdmissionRateByWeek,all,all,default,2017,2017-12-11,1.2900,False
infectious_disease,respiratory,Influenza,Nation,England,influenza_healthcare_hospitalAdmissionRateByWeek,all,all,default,2017,2017-12-04,0.7800,False
infectious_disease,respiratory,Influenza,Nation,England,influenza_healthcare_hospitalAdmissionRateByWeek,all,all,default,2017,2017-11-27,0.5300,False
infectious_disease,respiratory,Influenza,Nation,England,influenza_healthcare_hospitalAdmissionRateByWeek,all,all,default,2017,2017-11-20,0.3500,False
infectious_disease,respiratory,Influenza,Nation,England,influenza_healthcare_hospitalAdmissionRateByWeek,all,all,default,2017,2017-11-13,0.2500,False
infectious_disease,respiratory,Influenza,Nation,England,influenza_healthcare_hospitalAdmissionRateByWeek,all,all,default,2017,2017-11-06,0.0700,False
infectious_disease,respiratory,Influenza,Nation,England,influenza_healthcare_hospitalAdmissionRateByWeek,all,all,default,2017,2017-10-30,0.0500,False
infectious_disease,respiratory,Influenza,Nation,England,influenza_healthcare_hospitalAdmissionRateByWeek,all,all,default,2017,2017-10-23,0.1100,False
infectious_disease,respiratory,Influenza,Nation,England,influenza_healthcare_hospitalAdmissionRateByWeek,all,all,default,2017,2017-10-16,0.0600,False
infectious_disease,respiratory,Influenza,Nation,England,influenza_healthcare_hospitalAdmissionRateByWeek,all,all,default,2017,2017-10-09,0.0800,False
infectious_disease,respiratory,Influenza,Nation,England,influenza_healthcare_hospitalAdmissionRateByWeek,all,all,default,2017,2017-10-02,0.1400,False
infectious_disease,respiratory,Influenza,Nation,England,influenza_healthcare_hospitalAdmissionRateByWeek,all,all,default,2017,2017-09-25,0.0000,False
infectious_disease,respiratory,Influenza,Nation,England,influenza_healthcare_hospitalAdmissionRateByWeek,all,all,default,2017,2017-09-18,0.0000,False
infectious_disease,respiratory,Influenza,Nation,England,influenza_healthcare_hospitalAdmissionRateByWeek,all,all,default,2017,2017-09-11,0.0000,False
infectious_disease,respiratory,Influenza,Nation,England,influenza_healthcare_hospitalAdmissionRateByWeek,all,all,default,2017,2017-09-04,0.0000,False
infectious_disease,respiratory,Influenza,Nation,England,influenza_healthcare_hospitalAdmissionRateByWeek,all,all,default,2017,2017-08-28,0.0000,False
infectious_disease,respiratory,Influenza,Nation,England,influenza_healthcare_hospitalAdmissionRateByWeek,all,all,default,2017,2017-08-21,0.0000,False
infectious_disease,respiratory,Influenza,Nation,England,influenza_healthcare_hospitalAdmissionRateByWeek,all,all,default,2017,2017-08-14,0.0000,False
infectious_disease,respiratory,Influenza,Nation,England,influenza_healthcare_hospitalAdmissionRateByWeek,all,all,default,2017,2017-08-07,0.0000,False
infectious_disease,respiratory,Influenza,Nation,England,influenza_healthcare_hospitalAdmissionRateByWeek,all,all,default,2017,2017-07-31,0.0000,False
infectious_disease,respiratory,Influenza,Nation,England,influenza_healthcare_hospitalAdmissionRateByWeek,all,all,default,2017,2017-07-24,0.0000,False
infectious_disease,respiratory,Influenza,Nation,England,influenza_healthcare_hospitalAdmissionRateByWeek,all,all,default,2017,2017-07-17,0.0000,False
infectious_disease,respiratory,Influenza,Nation,England,influenza_healthcare_hospitalAdmissionRateByWeek,all,all,default,2017,2017-07-10,0.0000,False
infectious_disease,respiratory,Influenza,Nation,England,influenza_healthcare_hospitalAdmissionRateByWeek,all,all,default,2017,2017-07-03,0.0000,False
infectious_disease,respiratory,Influenza,Nation,England,influenza_healthcare_hospitalAdmissionRateByWeek,all,all,default,2017,2017-06-26,0.0000,False
infectious_disease,respiratory,Influenza,Nation,England,influenza_healthcare_hospitalAdmissionRateByWeek,all,all,default,2017,2017-06-19,0.0000,False
infectious_disease,respiratory,Influenza,Nation,England,influenza_healthcare_hospitalAdmissionRateByWeek,all,all,default,2017,2017-06-12,0.0000,False
infectious_disease,respiratory,Influenza,Nation,England,influenza_healthcare_hospitalAdmissionRateByWeek,all,all,default,2017,2017-06-05,0.0000,False
infectious_disease,respiratory,Influenza,Nation,England,influenza_healthcare_hospitalAdmissionRateByWeek,all,all,default,2017,2017-05-29,0.0000,False
infectious_disease,respiratory,Influenza,Nation,England,influenza_healthcare_hospitalAdmissionRateByWeek,all,all,default,2017,2017-05-22,0.0000,False
infectious_disease,respiratory,Influenza,Nation,England,influenza_healthcare_hospitalAdmissionRateByWeek,all,all,default,2017,2017-05-15,0.0700,False
infectious_disease,respiratory,Influenza,Nation,England,influenza_healthcare_hospitalAdmissionRateByWeek,all,all,default,2017,2017-05-08,0.1500,False
infectious_disease,respiratory,Influenza,Nation,England,influenza_healthcare_hospitalAdmissionRateByWeek,all,all,default,2017,2017-05-01,0.1400,False
infectious_disease,respiratory,Influenza,Nation,England,influenza_healthcare_hospitalAdmissionRateByWeek,all,all,default,2017,2017-04-24,0.0800,False
infectious_disease,respiratory,Influenza,Nation,England,influenza_healthcare_hospitalAdmissionRateByWeek,all,all,default,2017,2017-04-17,0.1100,False
infectious_disease,respiratory,Influenza,Nation,England,influenza_healthcare_hospitalAdmissionRateByWeek,all,all,default,2017,2017-04-10,0.1100,False
infectious_disease,respiratory,Influenza,Nation,England,influenza_healthcare_hospitalAdmissionRateByWeek,all,all,default,2017,2017-04-03,0.0800,False
infectious_disease,respiratory,Influenza,Nation,England,influenza_healthcare_hospitalAdmissionRateByWeek,all,all,default,2017,2017-03-27,0.1900,False
infectious_disease,respiratory,Influenza,Nation,England,influenza_healthcare_hospitalAdmissionRateByWeek,all,all,default,2017,2017-03-20,0.1000,False
infectious_disease,respiratory,Influenza,Nation,England,influenza_healthcare_hospitalAdmissionRateByWeek,all,all,default,2017,2017-03-13,0.1900,False
infectious_disease,respiratory,Influenza,Nation,England,influenza_healthcare_hospitalAdmissionRateByWeek,all,all,default,2017,2017-03-06,0.5200,False
